,graph,model,seed,threshold,n_covered,n,coverage,t_mean
0,Amazon0302,GAT,13,0.5,53017,262111,0.20226926760036779,981.2873661518097
1,Amazon0312,GAT,13,0.5,82541,400727,0.20597813474010984,2662.2605261802673
